City_ID,City,Lat,Lng,Max Temp,Humidity,Cloudiness,Wind Speed,Country,Date
0,ushuaia,-54.8,-68.3,10.66,66,100,3.13,AR,1667491311
1,rikitea,-23.1203,-134.9692,20.73,69,100,6.8,PF,1667491513
2,sibu,2.3,111.8167,23.93,98,99,0.84,MY,1667491567
3,tasiilaq,65.6145,-37.6368,1.09,98,100,5.59,GL,1667491568
4,chaplynka,46.3651,33.5403,10.33,51,11,2.22,UA,1667491568
5,smidovich,48.6,133.8167,-4.77,60,12,3.89,RU,1667491569
6,georgetown,5.4112,100.3354,27.72,86,20,2.06,MY,1667491215
7,cabo san lucas,22.8909,-109.9124,25.84,64,16,4.7,MX,1667491200
8,saskylakh,71.9167,114.0833,-11.7,93,100,4.34,RU,1667491570
9,punta arenas,-53.15,-70.9167,17.06,59,40,8.75,CL,1667491570
10,arraial do cabo,-22.9661,-42.0278,22.92,53,75,6.69,BR,1667491571
11,quatre cocos,-20.2078,57.7625,23.94,77,18,4.24,MU,1667491571
12,jamestown,42.097,-79.2353,17.23,69,0,4.12,US,1667491545
13,hobart,-42.8794,147.3294,8.36,79,21,3.6,AU,1667491555
14,spornoye,50.8448,37.2913,5.09,88,99,1.2,RU,1667491571
15,port elizabeth,-33.918,25.5701,21.72,79,6,9.2,ZA,1667491402
16,atuona,-9.8,-139.0333,24.94,77,2,5.99,PF,1667491572
17,kapaa,22.0752,-159.319,24.18,89,75,8.75,US,1667491572
18,tuktoyaktuk,69.4541,-133.0374,-15.03,90,100,6.5,CA,1667491573
19,ola,59.5833,151.2833,-4.45,76,100,7.87,RU,1667491573
20,new norfolk,-42.7826,147.0587,8.17,64,33,3.13,AU,1667491573
21,thompson,55.7435,-97.8558,-4.17,95,100,5.16,CA,1667491219
22,nuuk,64.1835,-51.7216,-1.66,69,100,4.12,GL,1667491574
23,bredasdorp,-34.5322,20.0403,18.12,93,99,6.39,ZA,1667491574
24,chuy,-33.6971,-53.4616,19.27,55,0,4.87,UY,1667491574
25,guerrero negro,27.9769,-114.0611,18.62,54,8,8.68,MX,1667491575
26,nichinan,31.6,131.3667,18.81,87,36,2.25,JP,1667491575
27,xai-xai,-25.0519,33.6442,24.26,74,98,6.52,MZ,1667491576
28,sechura,-5.5569,-80.8222,23.11,57,38,3.79,PE,1667491576
29,klaksvik,62.2266,-6.589,7.51,89,98,15.72,FO,1667491576
30,bluff,-46.6,168.3333,8.86,75,47,9.05,NZ,1667491577
31,laranjeiras do sul,-25.4078,-52.4161,18.98,47,0,1.94,BR,1667491422
32,letlhakeng,-24.0944,25.0298,28.93,33,81,4.55,BW,1667491577
33,bousso,10.4795,16.7117,31.12,22,100,3.36,TD,1667491578
34,busselton,-33.65,115.3333,14.71,89,97,3.19,AU,1667491578
35,adelaide,-34.9333,138.6,11.29,70,0,1.79,AU,1667491552
36,thomaston,32.8882,-84.3266,20.88,74,3,3.0,US,1667491405
37,asfi,32.2994,-9.2372,21.72,69,25,8.44,MA,1667491579
38,luanda,-8.8368,13.2343,26.13,79,51,4.91,AO,1667491579
39,sturgis,41.7992,-85.4192,16.89,81,0,4.12,US,1667491580
40,victoria,22.2855,114.1577,23.03,94,100,4.47,HK,1667491007
41,batemans bay,-35.7167,150.1833,11.83,81,90,2.03,AU,1667491477
42,gangtok,27.3333,88.6167,10.42,66,0,2.5,IN,1667491580
43,riyadh,24.6877,46.7219,30.08,27,70,5.74,SA,1667491050
44,coihaique,-45.5752,-72.0662,26.34,49,0,3.09,CL,1667491581
45,lebu,-37.6167,-73.65,16.13,77,50,3.96,CL,1667491434
46,cavnic,47.6667,23.8667,5.55,83,6,0.9,RO,1667491581
47,cayenne,4.9333,-52.3333,32.02,62,75,4.63,GF,1667491581
48,puerto ayora,-0.7393,-90.3518,23.98,78,92,5.03,EC,1667491582
49,esperance,-33.8667,121.9,15.64,77,98,9.05,AU,1667491582
50,port alfred,-33.5906,26.891,18.99,87,44,2.68,ZA,1667491582
51,cape town,-33.9258,18.4232,21.73,67,17,7.15,ZA,1667491500
52,castro,-24.7911,-50.0119,16.76,53,61,2.69,BR,1667491310
53,praia da vitoria,38.7333,-27.0667,20.14,100,75,6.0,PT,1667491583
54,haimen,23.1935,116.6142,22.26,91,100,4.68,CN,1667491583
55,cockburn town,21.4612,-71.1419,26.89,65,89,5.58,TC,1667491332
56,ribeira grande,38.5167,-28.7,19.87,94,75,4.63,PT,1667491584
57,mizan teferi,6.9833,35.5833,17.06,91,25,1.18,ET,1667491584
58,maravilha,-26.7608,-53.1725,19.23,55,0,1.82,BR,1667491438
59,nikolskoye,59.7035,30.7861,1.94,79,100,1.51,RU,1667491342
60,belmonte,-15.8631,-38.8828,23.8,81,100,8.15,BR,1667491585
61,meulaboh,4.1363,96.1285,24.02,97,100,3.66,ID,1667491585
62,popondetta,-8.7537,148.2534,23.34,94,100,1.42,PG,1667491585
63,hermanus,-34.4187,19.2345,19.33,92,95,6.42,ZA,1667491586
64,gat,31.61,34.7642,22.38,100,4,3.66,IL,1667491586
65,matagami,49.7502,-77.6328,12.26,61,99,6.28,CA,1667491587
66,vaini,-21.2,-175.2,24.09,88,75,3.09,TO,1667491587
67,lwowek slaski,51.1107,15.5858,12.71,68,99,2.68,PL,1667491587
68,makakilo city,21.3469,-158.0858,25.01,79,0,2.57,US,1667491587
69,yellowknife,62.456,-114.3525,-9.42,89,100,8.1,CA,1667491588
70,mayo,38.8876,-76.5119,19.72,71,0,2.68,US,1667491588
71,ha giang,22.8333,104.9833,18.32,79,71,1.51,VN,1667491589
72,juneau,58.3019,-134.4197,4.01,97,100,2.57,US,1667491589
73,torbay,47.6666,-52.7314,3.1,69,75,11.83,CA,1667491589
74,samarai,-10.6167,150.6667,27.62,80,86,3.6,PG,1667491590
75,barra da estiva,-13.6261,-41.3269,18.86,91,100,3.55,BR,1667491590
76,khiv,41.7543,47.9306,5.14,86,44,1.0,RU,1667491590
77,saint-philippe,-21.3585,55.7679,23.77,84,100,3.83,RE,1667491591
78,lompoc,34.6391,-120.4579,10.99,87,0,0.89,US,1667491591
79,tiksi,71.6872,128.8694,-19.05,99,87,3.4,RU,1667491591
80,chapleau,47.8405,-83.4034,13.53,67,100,6.13,CA,1667491592
81,thinadhoo,0.5333,72.9333,27.91,73,100,7.8,MV,1667491491
82,zug,47.1724,8.5174,12.43,92,75,0.51,CH,1667491592
83,hilo,19.7297,-155.09,23.12,94,100,1.34,US,1667491472
84,severo-kurilsk,50.6789,156.125,5.33,81,99,3.83,RU,1667491593
85,siuna,13.7332,-84.7773,27.39,73,99,1.93,NI,1667491593
86,qaanaaq,77.484,-69.3632,-14.34,57,79,3.93,GL,1667491593
87,vestmannaeyjar,63.4427,-20.2734,5.55,75,0,8.23,IS,1667491595
88,dingle,10.9995,122.6711,24.67,90,98,2.72,PH,1667491595
89,leningradskiy,69.3833,178.4167,-22.34,94,19,3.67,RU,1667491595
90,olafsvik,64.8945,-23.7142,3.5,70,100,4.34,IS,1667491595
91,east london,-33.0153,27.9116,19.4,86,96,6.44,ZA,1667491596
92,huambo,-12.7761,15.7392,16.2,91,100,2.18,AO,1667491596
93,mabaruma,8.2,-59.7833,30.08,66,71,2.06,GY,1667491597
94,dikson,73.5069,80.5464,-4.97,92,100,1.89,RU,1667491597
95,abay,49.6311,72.8539,2.21,60,48,5.04,KZ,1667491597
96,peace river,56.2501,-117.286,-11.3,98,94,4.33,CA,1667491220
97,shimsk,58.212,30.7127,4.03,80,100,1.41,RU,1667491598
98,mataura,-46.1927,168.8643,8.68,63,20,3.56,NZ,1667491598
99,asau,46.4333,26.4,8.51,83,27,0.45,RO,1667491599
100,port lincoln,-34.7333,135.8667,11.54,75,0,1.29,AU,1667491599
101,kodiak,57.79,-152.4072,0.73,60,20,4.12,US,1667491600
102,talavera de la reina,39.9635,-4.8308,12.94,80,100,5.47,ES,1667491600
103,wanning,18.8003,110.3967,22.55,75,98,1.59,CN,1667491600
104,yar-sale,66.8333,70.8333,-13.88,93,23,2.23,RU,1667491600
105,xiongyue,40.1774,122.1228,3.84,36,0,5.85,CN,1667491601
106,padang,-0.9492,100.3543,25.03,88,100,0.28,ID,1667491601
107,carnarvon,-24.8667,113.6333,20.82,83,0,6.18,AU,1667491602
108,ostrovnoy,68.0531,39.5131,0.62,92,43,7.92,RU,1667491605
109,cherskiy,68.75,161.3,-31.16,97,6,1.63,RU,1667491605
110,necochea,-38.5473,-58.7368,22.17,36,0,5.63,AR,1667491606
111,arucas,28.1198,-15.5233,24.43,72,13,3.67,ES,1667491606
112,shelburne,44.0787,-80.2041,14.87,74,0,5.59,CA,1667491606
113,teguise,29.0605,-13.564,21.12,78,20,7.72,ES,1667491606
114,port blair,11.6667,92.75,26.36,71,64,1.52,IN,1667491330
115,platanos,37.6667,21.6167,20.31,69,7,0.7,GR,1667491607
116,ilulissat,69.2167,-51.1,-1.99,46,0,7.2,GL,1667491423
117,husavik,66.0449,-17.3389,2.9,98,100,1.15,IS,1667491607
118,provideniya,64.3833,-173.3,-12.07,78,30,3.44,RU,1667491608
119,anadyr,64.75,177.4833,-19.34,94,100,3.16,RU,1667491608
120,abu dhabi,24.4667,54.3667,29.06,74,0,2.06,AE,1667491608
121,monte alegre de minas,-18.8706,-48.8808,21.38,59,100,3.36,BR,1667491609
122,salisbury,51.0693,-1.7957,12.47,78,40,2.06,GB,1667491609
123,pangai,-19.8,-174.35,25.13,86,100,7.42,TO,1667491609
124,ancud,-41.8697,-73.8203,17.82,65,1,2.47,CL,1667491610
125,egvekinot,66.3167,-179.1667,-19.17,93,61,1.92,RU,1667491610
126,port hardy,50.6996,-127.4199,5.28,82,100,7.63,CA,1667491206
127,sorland,67.667,12.6934,8.95,83,55,5.24,NO,1667491610
128,paita,-5.0892,-81.1144,20.84,68,79,5.23,PE,1667491611
129,hithadhoo,-0.6,73.0833,27.19,76,99,6.44,MV,1667491611
130,shimoda,34.6667,138.95,17.84,67,12,8.66,JP,1667491612
131,lavrentiya,65.5833,-171.0,-12.29,83,5,4.21,RU,1667491613
132,butaritari,3.0707,172.7902,26.71,70,64,3.47,KI,1667491613
133,kangaatsiaq,68.3065,-53.4641,-9.53,60,36,4.24,GL,1667491613
134,bambous virieux,-20.3428,57.7575,24.01,77,30,4.21,MU,1667491339
135,sellye,48.1513,17.8806,13.34,53,58,5.76,SK,1667491614
136,norman wells,65.282,-126.8329,-17.9,96,97,1.05,CA,1667491614
137,avarua,-21.2078,-159.775,23.03,73,100,5.66,CK,1667491614
138,ginir,7.1333,40.7,16.87,64,98,1.45,ET,1667491615
139,kaseda,31.4167,130.3167,19.62,63,93,6.98,JP,1667491615
140,ponta do sol,32.6667,-17.1,23.4,89,58,1.01,PT,1667491615
141,xuddur,4.1213,43.8894,25.7,61,100,3.21,SO,1667491616
142,mabopane,-25.4977,28.1007,22.59,48,100,1.89,ZA,1667491616
143,sakakah,29.9697,40.2064,21.89,36,0,1.79,SA,1667491616
144,norton,-17.8833,30.7,19.44,79,100,1.28,ZW,1667491617
145,jijiga,9.35,42.8,21.64,53,94,4.55,ET,1667491617
146,taltal,-25.4,-70.4833,17.81,68,20,2.79,CL,1667491325
147,codrington,-38.2667,141.9667,7.96,93,49,2.56,AU,1667491617
148,beipiao,41.7919,120.7792,-0.5,28,0,2.39,CN,1667491618
149,kahului,20.8947,-156.47,26.58,75,20,4.47,US,1667491618
150,fort nelson,58.8053,-122.7002,-15.59,91,89,0.74,CA,1667491618
151,nampula,-15.1165,39.2666,26.59,60,84,4.16,MZ,1667491619
152,wardha,20.75,78.6167,21.27,56,0,0.89,IN,1667491619
153,taurage,55.2522,22.2897,7.76,90,7,1.47,LT,1667491619
154,salalah,17.0151,54.0924,27.05,69,40,2.06,OM,1667491620
155,obo,5.3998,26.4869,25.05,67,87,0.37,CF,1667491620
156,yumen,40.2833,97.2,2.44,48,0,3.98,CN,1667491621
157,fuerte olimpo,-21.0415,-57.8738,27.4,30,0,3.33,PY,1667491622
158,albany,42.6001,-73.9662,17.99,52,1,2.34,US,1667491622
159,micco,27.8806,-80.5003,29.49,75,31,1.34,US,1667491622
160,saint anthony,45.0205,-93.218,16.18,75,100,7.2,US,1667491623
161,sibolga,1.7427,98.7792,24.45,91,100,1.58,ID,1667491623
162,ngunguru,-35.6167,174.5,14.31,86,75,2.47,NZ,1667491624
163,alta floresta,-9.8756,-56.0861,31.05,40,44,1.91,BR,1667491624
164,kashi,39.4547,75.9797,10.07,34,77,1.44,CN,1667491624
165,mandalgovi,45.7625,106.2708,-4.31,37,0,4.18,MN,1667491625
166,te anau,-45.4167,167.7167,6.44,88,31,3.75,NZ,1667491625
167,vigrestad,58.5667,5.7,10.14,85,100,6.04,NO,1667491625
168,sinjai,-5.1241,120.253,24.95,88,100,1.36,ID,1667491626
169,lake havasu city,34.4839,-114.3224,13.34,58,0,5.14,US,1667491626
170,poum,-20.2333,164.0167,25.68,74,8,2.17,NC,1667491627
171,bandundu,-3.3167,17.3667,25.07,88,73,1.81,CD,1667491627
172,oshikango,-17.4,15.8833,32.8,19,51,1.77,NA,1667491627
173,barrow,71.2906,-156.7887,-9.99,85,100,4.12,US,1667491628
174,sturgeon bay,44.8342,-87.377,16.99,82,0,5.14,US,1667491444
175,namibe,-15.1961,12.1522,21.05,77,74,2.71,AO,1667491628
176,umm lajj,25.0213,37.2685,26.36,51,6,4.41,SA,1667491415
177,tevaitoa,-16.7833,-151.5,24.49,84,98,8.83,PF,1667491629
178,vardo,70.3705,31.1107,2.99,87,100,6.69,NO,1667491629
179,flinders,-34.5833,150.8552,13.99,84,99,2.24,AU,1667491629
180,biak,-0.9131,122.8766,25.06,85,83,0.85,ID,1667491630
181,ingham,42.6,-84.3833,17.92,72,0,2.06,US,1667491630
182,mar del plata,-38.0023,-57.5575,20.46,78,0,7.2,AR,1667491630
183,shrewsbury,52.7101,-2.7521,11.02,78,40,3.09,GB,1667491631
184,palmer,42.1584,-72.3287,18.15,51,11,0.45,US,1667491631
185,korla,41.7597,86.1469,10.06,35,100,3.1,CN,1667491631
186,bandarbeyla,9.4942,50.8122,26.11,72,5,3.45,SO,1667491632
187,bara,10.3744,10.7288,32.95,26,81,2.82,NG,1667491189
188,murray bridge,-35.1167,139.2667,7.97,89,0,0.64,AU,1667491632
189,airai,-8.9266,125.4092,17.34,92,100,0.62,TL,1667491632
190,bontang,0.1333,117.5,27.29,79,100,2.34,ID,1667491633
191,gizo,-8.103,156.8419,28.3,77,56,4.12,SB,1667491633
192,pacific grove,36.6177,-121.9166,10.46,79,0,1.79,US,1667491560
193,berlevag,70.8578,29.0864,3.0,87,41,10.29,NO,1667491634
194,geraldton,-28.7667,114.6,14.23,88,7,0.0,AU,1667491634
195,tuatapere,-46.1333,167.6833,6.43,85,27,2.92,NZ,1667491634
196,ouango,4.3133,22.5552,22.79,92,100,1.5,CF,1667491635
197,berezovyy,51.6667,135.7,-3.89,75,99,2.08,RU,1667491635
198,cidreira,-30.1811,-50.2056,19.29,44,0,3.99,BR,1667491635
199,saint-augustin,51.226,-58.6502,2.85,28,3,9.24,CA,1667491636
200,martapura,-3.4167,114.85,26.05,89,75,1.03,ID,1667491636
201,nirmal,19.1,78.35,20.17,64,0,1.83,IN,1667491636
202,mogadishu,2.0371,45.3438,26.08,80,73,5.13,SO,1667491637
203,radhanpur,23.8333,71.6,28.71,36,0,2.36,IN,1667491637
204,vostok,46.4856,135.8833,-7.66,74,100,4.04,RU,1667491637
205,upernavik,72.7868,-56.1549,-8.01,52,26,4.03,GL,1667491638
206,kaeo,-35.1,173.7833,14.07,96,67,1.55,NZ,1667491638
207,sioux lookout,50.1001,-91.917,11.72,59,98,3.39,CA,1667491639
208,challapata,-18.9,-66.7667,16.53,9,94,4.76,BO,1667491639
209,kijang,35.2442,129.2139,14.18,50,74,2.65,KR,1667491639
210,san patricio,28.017,-97.5169,27.92,69,24,5.51,US,1667491641
211,kyren,51.6828,102.1408,-4.51,71,64,0.9,RU,1667491641
212,kavaratti,10.5669,72.642,28.25,68,36,4.2,IN,1667491641
213,general roca,-39.0333,-67.5833,29.59,9,31,10.93,AR,1667491642
214,labuhan,-6.8844,112.2051,27.69,78,77,1.85,ID,1667491642
215,sigli,5.3848,95.9609,24.43,90,100,1.94,ID,1667491642
216,khatanga,71.9667,102.5,-7.67,96,100,3.49,RU,1667491643
217,stargard szczecinski,53.3367,15.0499,12.68,63,97,5.03,PL,1667491643
218,clyde river,70.4692,-68.5914,-7.11,95,100,3.24,CA,1667491514
219,acapulco,16.8634,-99.8901,28.9,70,0,4.63,MX,1667491588
220,tahta,26.7693,31.5021,23.52,30,0,4.57,EG,1667491644
221,beringovskiy,63.05,179.3167,-8.91,91,100,2.63,RU,1667491644
222,iqaluit,63.7506,-68.5145,-11.15,67,40,6.69,CA,1667491644
223,nadym,65.5333,72.5167,-12.67,86,54,3.8,RU,1667491645
224,zhezkazgan,47.8043,67.7144,6.11,58,100,4.64,KZ,1667491645
225,birao,10.2849,22.7882,27.97,25,42,2.0,CF,1667491427
226,faya,18.3851,42.4509,17.29,79,49,2.71,SA,1667491645
227,deputatskiy,69.3,139.9,-19.47,90,100,0.44,RU,1667491646
228,sur,22.5667,59.5289,27.05,50,0,5.88,OM,1667491646
229,daru,-9.0763,143.2092,27.19,81,100,3.87,PG,1667491647
230,coahuayana,18.7333,-103.6833,29.56,67,7,0.57,MX,1667491647
231,moultonborough,43.7548,-71.3967,15.3,54,16,0.89,US,1667491647
232,hearst,49.6835,-83.6665,13.27,71,100,5.76,CA,1667491382
233,mahebourg,-20.4081,57.7,24.03,77,44,4.37,MU,1667491647
234,chiredzi,-21.05,31.6667,29.01,44,29,3.66,ZW,1667491648
235,talara,-4.5772,-81.2719,21.42,68,0,7.72,PE,1667491648
236,bin qirdan,33.1378,11.2197,23.96,41,0,3.36,TN,1667491649
237,byron bay,-28.65,153.6167,12.75,69,5,3.41,AU,1667491508
238,tatawin,32.9297,10.4518,23.47,27,0,1.91,TN,1667491649
239,strezhevoy,60.7333,77.5889,0.21,98,99,2.87,RU,1667491649
240,kavieng,-2.5744,150.7967,27.81,75,97,1.03,PG,1667491650
241,kampot,10.6167,104.1833,26.03,94,83,1.59,KH,1667491650
242,bethel,41.3712,-73.414,18.6,58,0,2.06,US,1667491650
243,dunedin,-45.8742,170.5036,9.33,69,42,0.45,NZ,1667491361
244,dubbo,-32.25,148.6167,6.07,93,6,1.54,AU,1667491651
245,sao joao da barra,-21.6403,-41.0511,19.05,77,100,5.7,BR,1667491651
246,nouadhibou,20.931,-17.0347,24.38,58,0,5.27,MR,1667491653
247,salinas,36.6777,-121.6555,10.69,80,0,2.06,US,1667491415
248,bhuban,20.8833,85.8333,22.76,60,13,0.82,IN,1667491653
249,mitu,1.1983,-70.1733,24.47,62,100,2.06,CO,1667491653
250,ramsar,36.9226,50.6426,17.43,75,7,0.33,IR,1667491654
251,xining,36.6167,101.7667,3.38,68,0,1.13,CN,1667491586
252,qaqortoq,60.7167,-46.0333,4.04,60,100,9.4,GL,1667491654
253,tuxpan,19.55,-103.4,24.29,59,0,0.95,MX,1667491654
254,fairbanks,64.8378,-147.7164,-10.43,84,100,3.09,US,1667491542
255,san cristobal,7.7669,-72.225,27.1,63,93,2.99,VE,1667491567
256,chaozhou,23.6651,116.6379,21.83,90,100,1.02,CN,1667491499
257,jimenez,28.3333,-105.4,22.36,21,1,4.57,MX,1667491635
258,komsomolskiy,40.4272,71.7189,13.4,76,100,1.03,UZ,1667491655
259,pevek,69.7008,170.3133,-26.22,98,29,0.61,RU,1667491656
260,southbridge,42.0751,-72.0334,17.99,55,15,0.45,US,1667491656
261,mecca,21.4267,39.8261,26.99,44,44,5.7,SA,1667491372
262,laredo,27.5064,-99.5075,24.16,88,100,3.6,US,1667491598
263,voh,-20.9667,164.7,22.64,82,1,1.32,NC,1667491394
264,worthington,40.0931,-83.018,19.48,80,100,0.0,US,1667491633
265,safranbolu,41.2508,32.6942,11.49,88,75,1.58,TR,1667491656
266,atar,20.5169,-13.0499,34.18,6,0,5.54,MR,1667491581
267,risor,58.7206,9.2342,10.74,95,100,9.03,NO,1667491657
268,grand gaube,-20.0064,57.6608,24.1,71,15,2.24,MU,1667491657
269,san policarpo,12.1791,125.5072,27.82,82,85,4.02,PH,1667491658
270,buchanan,5.8808,-10.0467,27.48,77,97,1.93,LR,1667491659
271,boppard,50.2308,7.5899,12.44,83,100,3.33,DE,1667491659
272,laguna,38.421,-121.4238,8.34,86,0,3.6,US,1667491577
273,augusta,48.3667,10.8833,12.96,90,0,1.03,DE,1667491659
274,bengkulu,-3.8004,102.2655,25.13,87,100,3.04,ID,1667491660
275,isangel,-19.55,169.2667,24.41,87,8,2.96,VU,1667491660
276,pontianak,-0.0333,109.3333,25.99,88,75,1.54,ID,1667491660
277,moose factory,51.2585,-80.6094,13.4,66,100,6.25,CA,1667491661
278,lishu,43.3047,124.3278,-5.01,39,0,2.84,CN,1667491661
279,havelock,34.8791,-76.9013,21.99,87,100,4.63,US,1667491614
280,wau,7.7029,27.9953,28.72,34,45,1.3,SS,1667491661
281,itarema,-2.9248,-39.9167,31.2,57,39,7.88,BR,1667491662
282,mandera,3.9366,41.867,32.27,37,92,2.5,KE,1667491503
283,aykhal,66.0,111.5,-19.61,91,64,4.32,RU,1667491662
284,cayhagan,9.6697,122.4256,26.01,85,86,2.3,PH,1667491662
285,pochutla,15.7432,-96.4661,27.9,63,52,1.25,MX,1667491663
286,sao joao do piaui,-8.3581,-42.2467,33.69,41,98,1.1,BR,1667491663
287,cape canaveral,28.4058,-80.6048,29.48,71,0,6.17,US,1667491664
288,henties bay,-22.116,14.2845,16.62,74,58,4.58,NA,1667491664
289,pangnirtung,66.1451,-65.7125,-9.58,92,100,4.87,CA,1667491664
290,kayerkan,69.3497,87.7602,-10.26,91,100,10.2,RU,1667491664
291,sola,-13.8833,167.55,26.34,73,10,1.79,VU,1667491665
292,lazaro cardenas,17.9583,-102.2,27.95,74,27,1.0,MX,1667491665
293,arauca,7.0847,-70.7591,24.46,75,100,4.05,CO,1667491665
294,inverell,-29.7833,151.1167,9.26,90,19,1.93,AU,1667491666
295,burnie,-41.0667,145.9167,9.41,73,2,4.1,AU,1667491666
296,hambantota,6.1241,81.1185,25.19,100,40,0.51,LK,1667491666
297,presidente medici,-11.1753,-61.9014,27.6,28,9,3.36,BR,1667491667
298,ulaanbaatar,47.9077,106.8832,-17.93,78,0,2.0,MN,1667491667
299,taitung,22.7583,121.1444,25.44,86,18,2.89,TW,1667491667
300,ereymentau,51.6199,73.1033,3.21,58,89,6.23,KZ,1667491668
301,baruun-urt,46.6806,113.2792,-6.25,62,0,3.77,MN,1667491668
302,kropotkin,45.4375,40.5756,9.4,70,99,1.27,RU,1667491668
303,saint-francois,46.4154,3.9054,12.69,94,100,2.06,FR,1667491669
304,carutapera,-1.195,-46.02,29.52,64,51,3.47,BR,1667491669
305,hami,42.8,93.45,6.18,37,0,1.13,CN,1667491669
306,mpika,-11.8343,31.4529,24.55,31,23,2.78,ZM,1667491670
307,chokurdakh,70.6333,147.9167,-23.1,93,99,1.97,RU,1667491670
308,caratinga,-19.7897,-42.1392,15.31,91,100,0.7,BR,1667491670
309,puerto escondido,15.85,-97.0667,29.46,70,75,3.6,MX,1667491671
310,moba,33.2288,105.0179,6.32,78,100,0.69,CN,1667491671
311,yulara,-25.2406,130.9889,18.51,30,0,6.33,AU,1667491412
312,seoul,37.5683,126.9778,6.66,34,78,5.02,KR,1667491542
313,camacha,33.0833,-16.3333,21.68,78,40,3.6,PT,1667491672
314,nioro,13.35,-15.75,34.74,22,75,3.42,GM,1667491672
315,north bend,43.4065,-124.2243,5.48,100,82,2.1,US,1667491175
316,iguape,-24.7081,-47.5553,20.86,46,21,4.38,BR,1667491672
317,princeton,25.5384,-80.4089,30.01,73,75,4.63,US,1667491217
318,havoysund,70.9963,24.6622,5.13,89,100,2.87,NO,1667491673
319,buraydah,26.326,43.975,23.05,43,0,5.95,SA,1667491673
320,leua,48.2156,18.6071,13.05,68,29,3.75,SK,1667491674
321,manakara,-22.1333,48.0167,21.97,92,100,3.7,MG,1667491674
322,reconquista,-29.15,-59.65,27.13,21,2,4.2,AR,1667491674
323,hualmay,-11.0964,-77.6139,20.19,69,46,4.76,PE,1667491676
324,bahia blanca,-38.7196,-62.2724,27.8,18,0,4.83,AR,1667491636
325,san lorenzo,-25.3333,-57.5333,25.52,31,20,3.6,PY,1667491676
326,sao filipe,14.8961,-24.4956,28.57,55,100,4.47,CV,1667491677
327,evensk,61.95,159.2333,-17.21,75,21,4.28,RU,1667491677
328,phu ly,20.5411,105.9139,21.99,63,94,1.01,VN,1667491678
329,kiruna,67.8557,20.2251,1.51,100,100,3.6,SE,1667491679
330,saint-joseph,-21.3667,55.6167,23.21,84,100,2.9,RE,1667491679
331,tateyama,34.9833,139.8667,22.28,68,7,11.04,JP,1667491679
332,hammerfest,70.6634,23.6821,4.25,81,0,1.54,NO,1667491680
333,praxedis guerrero,31.3667,-106.0167,17.7,36,43,1.68,MX,1667491680
334,almeirim,-1.5233,-52.5817,33.09,47,59,2.4,BR,1667491430
335,pitsunda,43.1592,40.3378,12.1,69,100,5.21,GE,1667491680
336,saint george,37.1041,-113.5841,8.02,68,75,2.57,US,1667491547
337,blagoyevo,63.3667,47.9167,-3.41,97,45,1.38,RU,1667491681
338,constitucion,-35.3333,-72.4167,16.57,65,19,3.03,CL,1667491681
339,auki,-8.7676,160.7034,24.75,88,100,1.15,SB,1667491681
340,kurud,20.8322,81.7214,22.99,63,0,2.18,IN,1667491682
341,puerto rico,-26.796,-55.024,26.7,33,0,0.2,AR,1667491682
342,naze,28.3667,129.4833,21.25,83,69,5.9,JP,1667491683
343,bo rai,12.5728,102.5371,24.85,83,92,1.7,TH,1667491686
344,ponta delgada,37.7333,-25.6667,21.95,94,75,3.09,PT,1667491307
345,mount isa,-20.7333,139.5,18.87,22,0,3.6,AU,1667491686
346,ust-omchug,61.15,149.6333,-15.75,94,100,1.16,RU,1667491687
347,buala,-8.145,159.5921,26.62,82,100,1.5,SB,1667491687
348,severo-yeniseyskiy,60.3725,93.0408,-4.5,97,100,0.85,RU,1667491687
349,beira,-19.8436,34.8389,25.26,79,100,3.94,MZ,1667491688
350,havre-saint-pierre,50.2334,-63.5986,3.91,47,76,7.41,CA,1667491688
351,portland,45.5234,-122.6762,6.24,92,75,2.57,US,1667491145
352,conakry,9.538,-13.6773,28.77,70,94,3.95,GN,1667491689
353,cam ranh,11.9214,109.1591,25.98,73,40,4.12,VN,1667491689
354,sorong,-0.8833,131.25,26.09,85,92,1.77,ID,1667491689
355,pimentel,-6.8367,-79.9342,21.16,60,20,7.2,PE,1667491690
356,barcelos,41.5388,-8.6151,17.08,72,100,3.26,PT,1667491690
357,aktash,50.3,87.7333,-7.46,58,100,1.86,RU,1667491690
358,garowe,8.4054,48.4845,28.35,49,48,5.63,SO,1667491530
359,hasaki,35.7333,140.8333,14.22,59,74,9.54,JP,1667491691
360,camargo,27.6667,-105.1667,21.63,23,0,2.51,MX,1667491691
361,arman,59.7,150.1667,-4.39,75,100,4.61,RU,1667491691
362,saldanha,-33.0117,17.9442,17.29,85,37,2.46,ZA,1667491692
363,yarmouth,41.7057,-70.2286,17.76,66,0,3.09,US,1667491692
364,alyangula,-13.8483,136.4192,26.62,59,40,3.34,AU,1667491692
365,kodinsk,58.6881,99.1844,-3.36,98,100,1.25,RU,1667491693
366,chermoz,58.787,56.1489,1.25,88,100,5.17,RU,1667491693
367,haines junction,60.7522,-137.5108,-6.11,96,100,1.26,CA,1667491694
368,wenatchee,47.4235,-120.3103,1.88,89,0,0.0,US,1667491694
369,dzilam gonzalez,21.2833,-88.9333,27.42,88,100,2.85,MX,1667491694
370,tyler,32.3513,-95.3011,22.57,86,88,0.89,US,1667491567
371,rio brilhante,-21.8019,-54.5464,24.18,41,9,4.68,BR,1667491695
372,kamena vourla,38.7784,22.7857,22.14,65,25,1.16,GR,1667491695
373,hobyo,5.3505,48.5268,27.25,67,2,4.91,SO,1667491581
374,zhangye,38.9342,100.4517,5.0,36,0,1.57,CN,1667491695
375,dadri,28.5667,77.55,24.12,41,0,1.22,IN,1667491696
376,cairns,-16.9167,145.7667,25.97,77,75,3.6,AU,1667491696
377,hamilton,39.1834,-84.5333,19.44,80,0,0.45,US,1667491090
378,zhanakorgan,43.9098,67.2495,10.1,46,100,3.11,KZ,1667491697
379,yichun,47.7,128.9,-8.68,61,9,1.92,CN,1667491697
380,severodvinsk,64.5635,39.8302,-4.94,90,41,1.48,RU,1667491697
381,praya,14.9215,-23.5087,32.3,35,0,7.72,CV,1667491698
382,sant feliu de guixols,41.7833,3.0333,21.73,51,100,8.31,ES,1667491621
383,tilichiki,60.4667,166.1,-15.02,98,96,3.74,RU,1667491698
384,herat,34.5,62.0,17.83,44,100,2.45,AF,1667491699
385,teya,60.3778,92.6267,-1.98,97,100,0.76,RU,1667491699
386,tura,25.5198,90.2201,18.84,93,3,1.6,IN,1667491699
387,nemuro,43.3236,145.575,7.36,67,100,6.41,JP,1667491700
388,ippy,6.2679,21.2247,24.88,62,99,1.15,CF,1667491700
389,karratha,-20.7377,116.8463,24.79,48,0,4.14,AU,1667491700
390,longyearbyen,78.2186,15.6401,1.91,80,75,5.14,SJ,1667491701
391,andenes,69.3143,16.1194,6.63,93,75,4.63,NO,1667491701
392,yunguyo,-16.25,-69.0833,12.91,39,62,3.9,PE,1667491702
393,walvis bay,-22.9575,14.5053,17.28,68,50,6.07,NA,1667491229
394,vitim,59.4511,112.5578,-7.6,93,100,2.02,RU,1667491702
395,lorengau,-2.0226,147.2712,27.13,77,99,0.41,PG,1667491702
396,coro,11.4045,-69.6734,30.69,61,98,2.49,VE,1667491703
397,road town,18.4167,-64.6167,30.02,74,20,3.09,VG,1667491703
398,kurumkan,54.3,110.3,-6.28,59,99,1.1,RU,1667491703
399,boende,-0.2167,20.8667,22.88,91,97,0.79,CD,1667491704
400,lac du bonnet,50.2536,-96.0612,4.55,70,100,4.23,CA,1667491704
401,ca mau,9.1769,105.15,23.46,97,99,1.92,VN,1667491704
402,kalianget,-7.05,113.9333,28.27,77,100,3.05,ID,1667491705
403,alofi,-19.0595,-169.9187,24.84,81,99,8.48,NU,1667491705
404,san vicente,-26.6167,-54.1333,22.79,34,0,2.09,AR,1667491706
405,kudahuvadhoo,2.6708,72.8944,27.03,80,98,5.62,MV,1667491706
406,thai binh,20.45,106.3333,23.56,62,100,0.96,VN,1667491706
407,jamundi,3.2607,-76.535,27.98,62,91,1.14,CO,1667491707
408,angoche,-16.2325,39.9086,26.71,77,46,3.48,MZ,1667491707
409,dwarka,22.2394,68.9678,27.64,66,0,4.51,IN,1667491707
410,hovd,48.0056,91.6419,-3.58,78,36,0.2,MN,1667491708
411,soe,-9.8607,124.284,20.82,92,100,1.3,ID,1667491708
412,lata,40.1629,-8.3327,16.62,98,100,0.29,PT,1667491709
413,ferrol,43.4832,-8.2369,17.29,62,31,5.22,ES,1667491710
414,kidal,18.4411,1.4078,31.82,9,0,2.57,ML,1667491710
415,darab,28.7519,54.5444,19.94,52,95,5.68,IR,1667491710
416,oussouye,12.485,-16.5469,34.48,25,99,4.63,SN,1667491711
417,mehamn,71.0357,27.8492,2.97,87,82,2.57,NO,1667491711
418,pontalina,-17.525,-49.4472,22.75,59,100,2.94,BR,1667491711
419,cayeli,41.0923,40.7292,15.29,72,100,3.46,TR,1667491711
420,panubigan,7.4281,123.3466,26.27,84,100,2.4,PH,1667491712
421,pachino,36.7186,15.0907,21.49,64,0,6.73,IT,1667491712
422,pinheiro machado,-31.5783,-53.3811,20.03,53,0,3.59,BR,1667491712
423,kaitangata,-46.2817,169.8464,9.61,60,3,4.83,NZ,1667491713
424,nanakuli,21.3906,-158.1547,25.81,71,0,2.06,US,1667491713
425,lanzhou,36.0564,103.7922,8.87,62,83,1.58,CN,1667491713
426,george,-33.963,22.4617,16.75,94,100,2.06,ZA,1667491489
427,adrar,20.5022,-10.0711,31.42,8,0,5.72,MR,1667491714
428,viedma,-40.8135,-62.9967,28.82,14,0,7.54,AR,1667491714
429,touros,-5.1989,-35.4608,29.57,57,20,5.95,BR,1667491714
430,kapustin yar,48.5831,45.7372,3.32,70,73,4.68,RU,1667491715
431,nanortalik,60.1432,-45.2371,3.87,69,100,13.89,GL,1667491715
432,jalu,29.0331,21.5482,22.52,43,71,3.49,LY,1667491715
433,campo verde,-20.4167,-54.0667,24.55,38,17,5.28,BR,1667491716
434,mercedes,-34.6515,-59.4307,28.35,12,0,3.98,AR,1667491716
435,kerema,-7.9631,145.7785,26.03,85,97,2.09,PG,1667491718
436,chimore,-16.9833,-65.1333,27.18,23,99,1.3,BO,1667491718
437,tashla,51.7716,52.7427,-4.53,95,94,3.09,RU,1667491719
438,sinop,41.7711,34.8709,11.26,94,86,1.79,TR,1667491551
439,foam lake,51.65,-103.5343,-4.23,75,100,7.94,CA,1667491719
440,sao gabriel da cachoeira,-0.1303,-67.0892,24.71,67,99,2.45,BR,1667491719
441,lyndon,38.2567,-85.6016,20.81,73,0,1.54,US,1667491720
442,kuytun,54.3419,101.5036,-5.64,77,99,1.36,RU,1667491720
443,canutama,-6.5339,-64.3831,30.72,37,42,2.16,BR,1667491720
444,tautira,-17.7333,-149.15,23.91,82,100,10.13,PF,1667491721
445,lipin bor,60.2622,37.9763,-3.25,94,66,2.74,RU,1667491721
446,juye,35.3947,116.0883,7.61,80,73,2.45,CN,1667491721
447,aosta,45.7667,7.4167,5.5,88,100,1.03,IT,1667491721
448,winnemucca,40.973,-117.7357,1.03,69,0,2.06,US,1667491722
449,namatanai,-3.6667,152.4333,26.68,81,99,1.5,PG,1667491722
450,burns lake,54.2331,-125.7533,-3.3,59,100,2.37,CA,1667491722
451,paternion,46.7142,13.6361,12.09,96,100,1.71,AT,1667491723
452,benghazi,32.1167,20.0667,22.37,59,0,4.3,LY,1667491723
453,leeton,-34.5667,146.4,7.79,87,1,1.19,AU,1667491724
454,texarkana,33.4251,-94.0477,22.86,68,100,4.02,US,1667491383
455,mahon,39.8885,4.2658,22.31,78,20,3.09,ES,1667491594
456,ossora,59.2353,163.0719,-5.32,89,100,1.35,RU,1667491724
457,talaya,61.3833,152.75,-18.98,98,100,0.15,RU,1667491724
458,port hawkesbury,45.6169,-61.3485,9.54,67,8,6.71,CA,1667491653
459,mitsamiouli,-11.3847,43.2844,25.43,76,2,2.77,KM,1667491725
460,leshukonskoye,64.8989,45.7622,-8.14,99,64,0.93,RU,1667491725
461,mount gambier,-37.8333,140.7667,6.52,96,19,0.53,AU,1667491725
462,tchibanga,-2.85,11.0333,24.58,86,92,1.59,GA,1667491726
463,darhan,49.4867,105.9228,-4.51,60,8,3.27,MN,1667491727
464,indian head,38.6001,-77.1622,19.63,72,0,2.06,US,1667491727
465,chase,50.8165,-119.6857,-2.49,68,95,1.06,CA,1667491728
466,ellisras,-23.6649,27.7443,26.79,47,92,2.12,ZA,1667491728
467,miraflores,19.2167,-98.8083,19.43,48,95,0.57,MX,1667491728
468,westport,41.1415,-73.3579,19.75,62,0,1.79,US,1667491728
469,plastun,44.7561,136.2939,-1.74,49,35,4.34,RU,1667491729
470,mezen,65.8522,44.24,-6.56,90,24,1.13,RU,1667491729
471,maragogi,-9.0122,-35.2225,28.43,62,39,6.61,BR,1667491437
472,lufilufi,-13.8745,-171.5986,23.77,78,96,2.29,WS,1667491729
473,cabo rojo,18.0866,-67.1457,31.04,70,32,0.97,PR,1667491730
474,grand island,40.925,-98.342,16.97,82,100,6.17,US,1667491685
475,richards bay,-28.783,32.0377,22.4,86,100,7.67,ZA,1667491730
476,mochalishche,56.3306,48.3547,1.1,94,100,3.48,RU,1667491731
477,broken hill,-31.95,141.4333,11.77,59,3,3.79,AU,1667491731
478,huntsville,34.7304,-86.5861,22.14,66,0,4.12,US,1667491538
479,sitka,57.0531,-135.33,6.94,65,100,3.6,US,1667491684
480,katsuura,35.1333,140.3,21.08,71,42,10.43,JP,1667491731
481,khorinsk,52.1657,109.7726,-6.46,67,72,1.61,RU,1667491732
482,conway,35.0887,-92.4421,22.61,66,0,2.06,US,1667491628
483,salym,60.0625,71.4789,-3.08,94,45,2.09,RU,1667491732
484,sambava,-14.2667,50.1667,22.81,80,0,1.2,MG,1667491732
485,narsaq,60.9167,-46.05,7.12,57,100,9.62,GL,1667491733
486,alasehir,38.3508,28.5172,18.39,31,2,1.75,TR,1667491733
487,kloulklubed,7.0419,134.2556,24.28,73,100,2.27,PW,1667491734
488,tzucacab,20.0667,-89.05,25.27,96,100,1.63,MX,1667491734
489,katsina,12.9894,7.6006,32.52,17,68,5.12,NG,1667491734
490,midland,31.9974,-102.0779,20.18,73,40,8.23,US,1667491690
491,fare,-16.7,-151.0167,24.25,84,99,7.98,PF,1667491735
492,lucapa,-8.4192,20.7447,24.46,67,98,0.53,AO,1667491735
493,gotsu,35.0,132.2167,13.89,76,47,2.37,JP,1667491735
494,la grande,45.3246,-118.0877,0.01,93,93,0.48,US,1667491735
495,kosh-agach,50.0,88.6667,-4.52,40,100,1.16,RU,1667491736
496,tual,-5.6667,132.75,29.38,70,99,3.71,ID,1667491644
497,ukiah,39.1502,-123.2078,6.14,91,0,0.0,US,1667491736
498,rockhampton,-23.3833,150.5,15.94,77,1,0.0,AU,1667491736
499,porto novo,6.4965,2.6036,29.69,66,50,3.73,BJ,1667491646
500,matara,5.9485,80.5353,25.35,86,82,3.28,LK,1667491737
501,omsukchan,62.5333,155.8,-22.75,100,77,1.46,RU,1667491737
502,aklavik,68.2191,-135.0107,-19.07,94,100,3.07,CA,1667491737
503,penzance,50.1186,-5.5371,12.65,82,40,7.72,GB,1667491738
504,vila franca do campo,37.7167,-25.4333,21.22,95,99,2.39,PT,1667491738
505,emerald,-23.5333,148.1667,14.63,66,0,5.43,AU,1667491738
506,sangar,63.9242,127.4739,-12.81,93,100,5.6,RU,1667491739
507,pitimbu,-7.4706,-34.8086,30.33,65,33,5.05,BR,1667491739
508,powell river,49.8496,-124.5361,6.13,87,100,2.06,CA,1667491424
509,palauig,15.435,119.9045,25.89,84,35,3.06,PH,1667491739
510,jining,35.405,116.5814,7.48,76,77,2.54,CN,1667491540
511,yavaros,26.7,-109.5167,23.58,66,4,2.34,MX,1667491740
512,lahad datu,5.0268,118.327,24.33,95,100,1.96,MY,1667491740
513,menongue,-14.6585,17.691,23.89,59,86,2.69,AO,1667491741
514,kulhudhuffushi,6.6221,73.07,27.8,75,93,4.44,MV,1667491741
515,port hedland,-20.3167,118.5667,22.03,68,0,4.12,AU,1667491741
516,kruisfontein,-34.0033,24.7314,20.49,67,2,7.82,ZA,1667491742
517,jiuquan,39.7432,98.5174,2.79,48,0,1.86,CN,1667491742
518,isiro,2.7739,27.616,20.29,98,100,0.48,CD,1667491742
519,luderitz,-26.6481,15.1594,17.93,74,14,3.32,NA,1667491743
520,miri,4.4148,114.0089,25.8,87,100,1.61,MY,1667491743
521,lunglei,22.8833,92.7333,18.37,90,100,0.4,IN,1667491743
522,ugoofaaru,5.6667,73.0,27.84,75,53,4.72,MV,1667491744
523,caldwell,43.6629,-116.6874,0.11,87,40,2.57,US,1667491559
524,deming,32.2687,-107.7586,12.94,62,75,2.06,US,1667491604
525,boulder,40.0833,-105.3505,1.73,63,75,3.6,US,1667491627
526,zhigansk,66.7697,123.3711,-13.43,96,100,3.39,RU,1667491744
527,evanston,42.0411,-87.6901,19.7,61,75,5.66,US,1667491745
528,imbituba,-28.24,-48.6703,19.36,65,74,3.69,BR,1667491745
529,comodoro rivadavia,-45.8667,-67.5,21.92,33,0,3.6,AR,1667491746
530,rosario,-32.9468,-60.6393,29.97,22,0,7.2,AR,1667491586
531,natal,-5.795,-35.2094,30.36,61,40,6.17,BR,1667491134
532,pontal do parana,-25.6533,-48.5128,19.58,65,19,3.83,BR,1667491524
533,pemba,-12.974,40.5178,25.68,80,0,5.52,MZ,1667491746
534,sri aman,1.2376,111.4621,23.42,99,88,0.73,MY,1667491746
535,kedrovyy,56.1667,91.8167,-3.77,81,100,2.21,RU,1667491748
536,jiayuguan,39.8167,98.3,2.31,47,0,1.98,CN,1667491748
537,paramonga,-10.6667,-77.8333,19.92,71,76,4.85,PE,1667491749
538,ouesso,1.6136,16.0517,24.45,83,98,0.75,CG,1667491749
539,mwinilunga,-11.7358,24.4293,17.44,96,91,1.87,ZM,1667491749
540,vangaindrano,-23.35,47.6,22.33,92,100,3.07,MG,1667491750
541,polyarnyy,69.1989,33.4478,-0.37,88,97,4.47,RU,1667491750
542,sabang,5.8933,95.3214,25.63,84,100,3.3,ID,1667491750
543,urumqi,43.801,87.6005,5.53,61,0,1.0,CN,1667491751
544,bad oeynhausen,52.2,8.8,13.36,74,100,7.26,DE,1667491751
545,bairnsdale,-37.8333,147.6167,8.36,89,0,2.52,AU,1667491751
546,hanzhong,33.0728,107.0303,12.63,82,100,0.75,CN,1667491752
547,alamosa,37.4695,-105.87,4.99,75,100,6.69,US,1667491752
548,la libertad,-2.2333,-80.9,21.44,73,95,4.31,EC,1667491753
549,souillac,-20.5167,57.5167,23.44,75,76,4.47,MU,1667491753
550,clovis,36.8252,-119.7029,8.04,88,75,3.6,US,1667491753
551,misratah,32.3754,15.0925,22.63,51,1,3.03,LY,1667491753
552,minnedosa,50.2453,-99.8436,-0.11,65,99,9.12,CA,1667491754
